,Rk,Player,Tm,Age,Pos,G,GS,Tgt,Rec,Ctch%,Yds,Y/R,TD,1D,Succ%,Lng,Y/Tgt,R/G,Y/G,Fmb
0,1,CeeDee Lamb*+,DAL,24,WR,17,17,181,135,74.6%,1749,13.0,12,80,63.5,92,9.7,7.9,102.9,3
1,2,Tyreek Hill*+,MIA,29,WR,16,16,171,119,69.6%,1799,15.1,13,83,57.9,78,10.5,7.4,112.4,1
2,3,Amon-Ra St. Brown*+,DET,24,WR,16,16,164,119,72.6%,1515,12.7,10,75,61.6,70,9.2,7.4,94.7,1
3,4,Evan Engram*,JAX,29,TE,17,15,143,114,79.7%,963,8.4,4,47,53.1,34,6.7,6.7,56.6,3
4,5,Michael Pittman Jr.,IND,26,WR,16,15,156,109,69.9%,1152,10.6,4,53,51.9,75,7.4,6.8,72.0,2
5,6,Keenan Allen*,LAC,31,WR,13,13,150,108,72.0%,1243,11.5,7,57,58.7,42,8.3,8.3,95.6,2
6,7,Stefon Diggs*,BUF,30,WR,17,17,160,107,66.9%,1183,11.1,8,58,55.0,55,7.4,6.3,69.6,2
7,8,A.J. Brown*,PHI,26,WR,17,17,158,106,67.1%,1456,13.7,7,70,56.3,59,9.2,6.2,85.6,2
8,9,Puka Nacua*,LAR,22,WR,17,17,160,105,65.6%,1486,14.2,6,68,56.9,80,9.3,6.2,87.4,1
9,10,Davante Adams,LVR,31,WR,17,17,175,103,58.9%,1144,11.1,8,59,48.6,46,6.5,6.1,67.3,0
10,11,Adam Thielen,CAR,33,WR,17,17,137,103,75.2%,1014,9.8,4,56,58.4,32,7.4,6.1,59.6,2
11,12,Ja'Marr Chase*,CIN,23,WR,16,16,145,100,69.0%,1216,12.2,7,63,56.6,76,8.4,6.3,76.0,1
12,13,D.J. Moore,CHI,26,WR,17,17,136,96,70.6%,1364,14.2,8,64,59.6,58,10.0,5.6,80.2,1
13,14,T.J. Hockenson,MIN,26,TE,15,11,127,95,74.8%,960,10.1,5,48,53.5,29,7.6,6.3,64.0,1
14,15,Garrett Wilson,NYJ,23,WR,17,17,168,95,56.5%,1042,11.0,3,47,44.0,68,6.2,5.6,61.3,2
15,16,Travis Kelce*,KAN,34,TE,15,15,121,93,76.9%,984,10.6,5,50,62.0,53,8.1,6.2,65.6,1
16,17,Chris Olave,NOR,23,WR,16,11,138,87,63.0%,1123,12.9,5,57,53.6,51,8.1,5.4,70.2,0
17,18,Sam LaPorta*,DET,22,TE,17,14,120,86,71.7%,889,10.3,10,48,55.8,48,7.4,5.1,52.3,0
18,19,Chris Godwin,TAM,27,WR,17,17,130,83,63.8%,1024,12.3,2,53,50.0,47,7.9,4.9,60.2,0
19,20,Trey McBride,ARI,24,TE,17,12,106,81,76.4%,825,10.2,3,42,57.5,38,7.8,4.8,48.5,1
20,21,David Njoku*,CLE,27,TE,16,16,123,81,65.9%,882,10.9,6,35,43.9,43,7.2,5.1,55.1,2
21,22,DeVonta Smith,PHI,25,WR,16,16,112,81,72.3%,1066,13.2,7,47,55.4,63,9.5,5.1,66.6,1
22,23,Nico Collins,HOU,24,WR,15,10,109,80,73.4%,1297,16.2,8,53,61.5,75,11.9,5.3,86.5,1
23,24,Mike Evans*,TAM,30,WR,17,17,136,79,58.1%,1255,15.9,13,54,53.7,75,9.2,4.6,73.8,0
24,25,Tyler Lockett,SEA,31,WR,17,17,122,79,64.8%,894,11.3,5,47,58.2,37,7.3,4.6,52.6,0
25,26,Terry McLaurin,WAS,28,WR,17,17,132,79,59.8%,1002,12.7,4,47,49.2,48,7.6,4.6,58.9,0
26,27,Rashee Rice,KAN,23,WR,16,8,102,79,77.5%,938,11.9,7,44,61.8,67,9.2,4.9,58.6,2
27,28,Zay Flowers,BAL,23,WR,16,16,108,77,71.3%,858,11.1,5,41,55.6,75,7.9,4.8,53.6,0
28,29,Breece Hall,NYJ,22,RB,17,16,95,76,80.0%,591,7.8,4,28,40.0,50,6.2,4.5,34.8,2
29,Rk,Player,Tm,Age,Pos,G,GS,Tgt,Rec,Ctch%,Yds,Y/R,TD,1D,Succ%,Lng,Y/Tgt,R/G,Y/G,Fmb
30,30,Calvin Ridley,JAX,29,WR,17,17,136,76,55.9%,1016,13.4,8,49,48.5,59,7.5,4.5,59.8,1
31,31,Brandon Aiyuk,SFO,25,WR,16,16,105,75,71.4%,1342,17.9,7,61,70.5,76,12.8,4.7,83.9,1
32,32,DeAndre Hopkins,TEN,31,WR,17,16,137,75,54.7%,1057,14.1,7,48,43.8,61,7.7,4.4,62.2,0
33,33,Alvin Kamara,NOR,28,RB,13,12,86,75,87.2%,466,6.2,1,23,45.3,25,5.4,5.8,35.8,0
34,34,Dalton Kincaid,BUF,24,TE,16,11,91,73,80.2%,673,9.2,2,29,61.5,51,7.4,4.6,42.1,1
35,35,Cole Kmet,CHI,24,TE,17,17,90,73,81.1%,719,9.8,6,36,62.2,53,8.0,4.3,42.3,1
36,36,Amari Cooper*,CLE,29,WR,15,15,128,72,56.3%,1250,17.4,5,50,53.1,75,9.8,4.8,83.3,2
37,37,Jaylen Waddle,MIA,25,WR,14,14,104,72,69.2%,1014,14.1,4,47,58.7,60,9.8,5.1,72.4,0
38,38,Jake Ferguson*,DAL,24,TE,17,16,102,71,69.6%,761,10.7,5,40,55.9,40,7.5,4.2,44.8,0
39,39,Jakobi Meyers,LVR,27,WR,16,16,106,71,67.0%,807,11.4,8,46,54.7,33,7.6,4.4,50.4,0
40,40,Jordan Addison,MIN,21,WR,17,14,108,70,64.8%,911,13.0,10,38,50.0,62,8.4,4.1,53.6,0
41,41,Drake London,ATL,22,WR,16,16,110,69,62.7%,905,13.1,2,45,52.7,45,8.2,4.3,56.6,0
42,42,Josh Downs,IND,22,WR,17,9,98,68,69.4%,771,11.3,2,30,50.0,59,7.9,4.0,45.4,0
43,43,Justin Jefferson,MIN,24,WR,10,9,100,68,68.0%,1074,15.8,5,51,61.0,52,10.7,6.8,107.4,1
44,44,Tyler Boyd,CIN,29,WR,17,13,98,67,68.4%,667,10.0,2,28,46.9,64,6.8,3.9,39.2,0
45,45,Christian McCaffrey*+,SFO,27,RB,16,16,83,67,80.7%,564,8.4,7,31,55.4,41,6.8,4.2,35.3,3
46,46,D.K. Metcalf*,SEA,26,WR,16,16,119,66,55.5%,1114,16.9,8,52,51.3,73,9.4,4.1,69.6,0
47,47,George Kittle*+,SFO,30,TE,16,16,90,65,72.2%,1020,15.7,6,42,60.0,66,11.3,4.1,63.8,0
48,48,Jayden Reed,GNB,23,WR,16,13,94,64,68.1%,793,12.4,8,32,51.1,59,8.4,4.0,49.6,2
49,49,Rachaad White,TAM,24,RB,17,17,70,64,91.4%,549,8.6,3,23,54.3,43,7.8,3.8,32.3,3
50,50,George Pickens,PIT,22,WR,17,16,106,63,59.4%,1140,18.1,5,42,50.9,86,10.8,3.7,67.1,3
51,51,Jaxon Smith-Njigba,SEA,21,WR,17,3,93,63,67.7%,628,10.0,4,29,47.3,35,6.8,3.7,36.9,0
52,52,Curtis Samuel,WAS,27,WR,16,13,91,62,68.1%,613,9.9,4,26,50.5,37,6.7,3.9,38.3,0
53,53,Tyler Conklin,NYJ,28,TE,17,12,87,61,70.1%,621,10.2,0,27,44.8,37,7.1,3.6,36.5,0
54,54,Jaylen Warren,PIT,25,RB,17,0,74,61,82.4%,370,6.1,0,19,44.6,30,5.0,3.6,21.8,4
55,55,Wan'Dale Robinson,NYG,22,WR,15,8,78,60,76.9%,525,8.8,1,29,53.8,33,6.7,4.0,35.0,0
56,56,Deebo Samuel,SFO,27,WR,15,15,89,60,67.4%,892,14.9,7,34,56.2,54,10.0,4.0,59.5,1
57,57,Romeo Doubs,GNB,23,WR,17,16,96,59,61.5%,674,11.4,8,41,51.0,36,7.0,3.5,39.6,1
58,58,Dallas Goedert,PHI,28,TE,14,14,83,59,71.1%,592,10.0,3,33,60.2,49,7.1,4.2,42.3,0
59,59,Cooper Kupp,LAR,30,WR,12,12,95,59,62.1%,737,12.5,5,33,49.5,62,7.8,4.9,61.4,0
60,Rk,Player,Tm,Age,Pos,G,GS,Tgt,Rec,Ctch%,Yds,Y/R,TD,1D,Succ%,Lng,Y/Tgt,R/G,Y/G,Fmb
61,60,Elijah Moore,CLE,23,WR,17,12,104,59,56.7%,640,10.8,2,29,42.3,42,6.2,3.5,37.6,2
62,61,Dalton Schultz,HOU,27,TE,15,8,88,59,67.0%,635,10.8,5,35,52.3,31,7.2,3.9,42.3,1
63,62,Courtland Sutton,DEN,28,WR,16,14,90,59,65.6%,772,13.1,10,37,54.4,46,8.6,3.7,48.3,3
64,63,Travis Etienne,JAX,24,RB,17,17,73,58,79.5%,476,8.2,1,23,49.3,56,6.5,3.4,28.0,0
65,64,Bijan Robinson,ATL,21,RB,17,16,86,58,67.4%,487,8.4,4,24,45.3,71,5.7,3.4,28.6,4
66,65,Christian Kirk,JAX,27,WR,12,12,85,57,67.1%,787,13.8,3,34,57.6,57,9.3,4.8,65.6,2
67,66,Tony Pollard,DAL,26,RB,17,17,67,55,82.1%,311,5.7,0,12,43.3,60,4.6,3.2,18.3,3
68,67,Logan Thomas,WAS,32,TE,16,15,78,55,70.5%,496,9.0,4,21,56.4,29,6.4,3.4,31.0,2
69,68,Brandin Cooks,DAL,30,WR,16,15,81,54,66.7%,657,12.2,8,38,59.3,37,8.1,3.4,41.1,1
70,69,Jerry Jeudy,DEN,24,WR,16,11,87,54,62.1%,758,14.0,2,28,46.0,47,8.7,3.4,47.4,1
71,70,Chigoziem Okonkwo,TEN,24,TE,17,11,77,54,70.1%,528,9.8,1,25,48.1,39,6.9,3.2,31.1,0
72,71,Kyle Pitts,ATL,23,TE,17,15,90,53,58.9%,667,12.6,3,35,52.2,39,7.4,3.1,39.2,0
73,72,Jahmyr Gibbs*,DET,21,RB,15,3,71,52,73.2%,316,6.1,1,20,46.5,24,4.5,3.5,21.1,2
74,73,Joe Mixon,CIN,27,RB,17,17,64,52,81.3%,376,7.2,3,14,54.7,45,5.9,3.1,22.1,0
75,74,Tyjae Spears,TEN,22,RB,17,1,70,52,74.3%,385,7.4,1,17,34.3,48,5.5,3.1,22.6,1
76,75,Darren Waller,NYG,31,TE,12,11,74,52,70.3%,552,10.6,1,25,56.8,29,7.5,4.3,46.0,0
77,76,Marquise Brown,ARI,26,WR,14,14,101,51,50.5%,574,11.3,4,32,42.6,41,5.7,3.6,41.0,0
78,77,Austin Ekeler,LAC,28,RB,14,14,74,51,68.9%,436,8.5,1,20,43.2,39,5.9,3.6,31.1,5
79,78,Ezekiel Elliott,NWE,28,RB,17,5,65,51,78.5%,313,6.1,2,12,40.0,23,4.8,3.0,18.4,2
80,79,Gerald Everett,LAC,29,TE,15,12,70,51,72.9%,411,8.1,3,25,50.0,31,5.9,3.4,27.4,3
81,80,Diontae Johnson,PIT,27,WR,13,11,87,51,58.6%,717,14.1,5,37,52.9,71,8.2,3.9,55.2,1
82,81,Samaje Perine,DEN,28,RB,17,1,56,50,89.3%,455,9.1,0,23,67.9,29,8.1,2.9,26.8,3
83,82,Darius Slayton,NYG,26,WR,17,13,79,50,63.3%,770,15.4,4,29,49.4,80,9.7,2.9,45.3,0
84,83,Jonnu Smith,ATL,28,TE,17,6,70,50,71.4%,582,11.6,3,26,51.4,60,8.3,2.9,34.2,1
85,84,Jahan Dotson,WAS,23,WR,17,16,83,49,59.0%,518,10.6,4,27,48.2,33,6.2,2.9,30.5,0
86,85,Demario Douglas,NWE,23,WR,14,7,79,49,62.0%,561,11.4,0,26,45.6,42,7.1,3.5,40.1,3
87,86,Antonio Gibson,WAS,25,RB,16,2,59,48,81.4%,389,8.1,2,19,44.1,41,6.6,3.0,24.3,4
88,87,K.J. Osborn,MIN,26,WR,16,12,75,48,64.0%,540,11.3,3,28,45.3,47,7.2,3.0,33.8,1
89,88,Tank Dell,HOU,24,WR,11,8,75,47,62.7%,709,15.1,7,34,54.7,68,9.5,4.3,64.5,1
90,89,Tyler Higbee,LAR,30,TE,15,15,70,47,67.1%,495,10.5,2,26,57.1,33,7.1,3.1,33.0,0
91,Rk,Player,Tm,Age,Pos,G,GS,Tgt,Rec,Ctch%,Yds,Y/R,TD,1D,Succ%,Lng,Y/Tgt,R/G,Y/G,Fmb
92,90,Cade Otton,TAM,24,TE,17,17,67,47,70.1%,455,9.7,4,22,49.3,27,6.8,2.8,26.8,1
93,91,Javonte Williams,DEN,23,RB,16,13,58,47,81.0%,228,4.9,2,10,48.3,18,3.9,2.9,14.3,1
94,92,Rashid Shaheed*+,NOR,25,WR,15,8,75,46,61.3%,719,15.6,5,27,46.7,58,9.6,3.1,47.9,1
95,93,Mark Andrews,BAL,28,TE,10,9,61,45,73.8%,544,12.1,6,27,62.3,38,8.9,4.5,54.4,1
96,94,Gabriel Davis,BUF,24,WR,17,17,81,45,55.6%,746,16.6,7,34,53.1,57,9.2,2.6,43.9,1
97,95,James Cook*,BUF,24,RB,17,13,54,44,81.5%,445,10.1,4,16,59.3,48,8.2,2.6,26.2,4
98,96,Jerome Ford,CLE,24,RB,17,12,63,44,69.8%,319,7.3,5,16,41.3,50,5.1,2.6,18.8,1
99,97,Isiah Pacheco,KAN,24,RB,14,13,49,44,89.8%,244,5.5,2,12,44.9,33,5.0,3.1,17.4,1
100,98,Jonathan Mingo,CAR,22,WR,15,14,85,43,50.6%,418,9.7,0,15,32.9,40,4.9,2.9,27.9,1
101,99,Hunter Henry,NWE,29,TE,14,10,61,42,68.9%,419,10.0,6,29,63.9,24,6.9,3.0,29.9,1
102,100,Tee Higgins,CIN,24,WR,12,11,76,42,55.3%,656,15.6,5,33,53.9,80,8.6,3.5,54.7,0
103,101,Saquon Barkley,NYG,26,RB,14,14,60,41,68.3%,280,6.8,4,16,43.3,46,4.7,2.9,20.0,2
104,102,Rondale Moore,ARI,23,WR,17,8,62,40,64.5%,352,8.8,1,17,38.7,48,5.7,2.4,20.7,1
105,103,Josh Reynolds,DET,28,WR,17,13,64,40,62.5%,608,15.2,5,32,56.3,33,9.5,2.4,35.8,1
106,104,Robert Woods,HOU,31,WR,14,11,75,40,53.3%,426,10.7,1,26,45.3,26,5.7,2.9,30.4,0
107,105,Tutu Atwell,LAR,24,WR,16,14,67,39,58.2%,483,12.4,3,26,47.8,44,7.2,2.4,30.2,0
108,106,Chuba Hubbard,CAR,24,RB,17,12,44,39,88.6%,233,6.0,0,9,36.4,25,5.3,2.3,13.7,1
109,107,Tanner Hudson,CIN,29,TE,12,1,50,39,78.0%,352,9.0,1,21,58.0,26,7.0,3.3,29.3,0
110,108,Trey Palmer,TAM,22,WR,17,8,68,39,57.4%,385,9.9,3,17,41.2,54,5.7,2.3,22.6,3
111,109,Khalil Shakir,BUF,23,WR,17,10,45,39,86.7%,611,15.7,2,26,73.3,81,13.6,2.3,35.9,1
112,110,D'Andre Swift*,PHI,24,RB,16,15,49,39,79.6%,214,5.5,1,8,42.9,20,4.4,2.4,13.4,3
113,111,Michael Thomas,NOR,30,WR,10,7,64,39,60.9%,448,11.5,1,21,54.7,31,7.0,3.9,44.8,0
114,112,Dontayvion Wicks,GNB,22,WR,15,6,58,39,67.2%,581,14.9,4,29,62.1,35,10.0,2.6,38.7,3
115,113,Quentin Johnston,LAC,22,WR,17,10,67,38,56.7%,431,11.3,2,20,47.8,57,6.4,2.2,25.4,0
116,114,Josh Palmer,LAC,24,WR,10,6,61,38,62.3%,581,15.3,2,22,47.5,79,9.5,3.8,58.1,1
117,115,Rhamondre Stevenson,NWE,25,RB,12,12,51,38,74.5%,238,6.3,0,8,35.3,34,4.7,3.2,19.8,1
118,116,Michael Wilson,ARI,23,WR,13,12,58,38,65.5%,565,14.9,3,29,56.9,69,9.7,2.9,43.5,0
119,117,Kendrick Bourne,NWE,28,WR,8,5,55,37,67.3%,406,11.0,4,15,49.1,36,7.4,4.6,50.8,1
120,118,Josh Jacobs,LVR,25,RB,13,13,54,37,68.5%,296,8.0,0,15,55.6,21,5.5,2.8,22.8,3
121,119,Juwan Johnson,NOR,27,TE,13,11,59,37,62.7%,368,9.9,4,23,50.8,32,6.2,2.8,28.3,0
122,Rk,Player,Tm,Age,Pos,G,GS,Tgt,Rec,Ctch%,Yds,Y/R,TD,1D,Succ%,Lng,Y/Tgt,R/G,Y/G,Fmb
123,120,Brian Robinson Jr.,WAS,24,RB,15,15,43,36,83.7%,368,10.2,4,15,53.5,51,8.6,2.4,24.5,4
124,121,Nelson Agholor,BAL,30,WR,17,3,45,35,77.8%,381,10.9,4,19,55.6,37,8.5,2.1,22.4,1
125,122,Odell Beckham Jr.,BAL,31,WR,14,6,64,35,54.7%,565,16.1,3,27,50.0,51,8.8,2.5,40.4,1
126,123,DJ Chark,CAR,27,WR,15,11,66,35,53.0%,525,15.0,5,22,43.9,47,8.0,2.3,35.0,2
127,124,Kalif Raymond,DET,29,WR,17,3,44,35,79.5%,489,14.0,1,20,65.9,41,11.1,2.1,28.8,1
128,125,Durham Smythe,MIA,28,TE,16,14,43,35,81.4%,366,10.5,0,22,72.1,22,8.5,2.2,22.9,0
129,126,Michael Gallup,DAL,27,WR,17,13,57,34,59.6%,418,12.3,2,19,50.9,41,7.3,2.0,24.6,0
130,127,Roschon Johnson,CHI,22,RB,15,0,40,34,85.0%,209,6.1,0,6,27.5,24,5.2,2.3,13.9,1
131,128,Zay Jones,JAX,28,WR,9,7,64,34,53.1%,321,9.4,2,14,43.8,36,5.0,3.8,35.7,0
132,129,Luke Musgrave,GNB,23,TE,11,9,46,34,73.9%,352,10.4,1,14,50.0,37,7.7,3.1,32.0,0
133,130,Allen Robinson,PIT,30,WR,17,17,49,34,69.4%,280,8.2,0,9,44.9,31,5.7,2.0,16.5,0
134,131,Noah Brown,HOU,27,WR,10,7,55,33,60.0%,567,17.2,2,24,52.7,75,10.3,3.3,56.7,0
135,132,Zach Charbonnet,SEA,22,RB,16,2,40,33,82.5%,209,6.3,0,7,45.0,39,5.2,2.1,13.1,0
136,133,Taysom Hill,NOR,33,QB,16,7,40,33,82.5%,291,8.8,2,11,57.5,36,7.3,2.1,18.2,1
137,134,DeVante Parker,NWE,30,WR,13,13,55,33,60.0%,394,11.9,0,17,49.1,30,7.2,2.5,30.3,0
138,135,Rashod Bateman,BAL,24,WR,16,12,56,32,57.1%,367,11.5,1,20,50.0,29,6.6,2.0,22.9,0
139,136,Noah Fant,SEA,26,TE,17,17,43,32,74.4%,414,12.9,0,16,60.5,51,9.6,1.9,24.4,0
140,137,Pat Freiermuth,PIT,25,TE,12,9,47,32,68.1%,308,9.6,2,17,48.9,29,6.6,2.7,25.7,0
141,138,Alec Pierce,IND,23,WR,17,16,65,32,49.2%,514,16.1,2,24,46.2,58,7.9,1.9,30.2,0
142,139,Kyren Williams*,LAR,23,RB,12,11,48,32,66.7%,206,6.4,3,9,43.8,24,4.3,2.7,17.2,3
143,140,Tucker Kraft,GNB,23,TE,17,8,40,31,77.5%,355,11.5,2,18,67.5,43,8.9,1.8,20.9,0
144,141,Jaleel McLaughlin,DEN,23,RB,17,3,36,31,86.1%,160,5.2,2,5,38.9,22,4.4,1.8,9.4,0
145,142,Darnell Mooney,CHI,26,WR,15,14,61,31,50.8%,414,13.4,1,20,41.0,41,6.8,2.1,27.6,0
146,143,Kenneth Gainwell,PHI,24,RB,16,2,37,30,81.1%,183,6.1,0,11,48.6,19,4.9,1.9,11.4,3
147,144,Kylen Granson,IND,25,TE,15,7,50,30,60.0%,368,12.3,1,19,46.0,46,7.4,2.0,24.5,0
148,145,Aaron Jones,GNB,29,RB,11,11,43,30,69.8%,233,7.8,1,13,39.5,51,5.4,2.7,21.2,2
149,146,Isaiah Likely,BAL,23,TE,17,8,40,30,75.0%,411,13.7,5,15,60.0,54,10.3,1.8,24.2,0
150,147,Alexander Mattison,MIN,25,RB,16,13,44,30,68.2%,192,6.4,3,5,34.1,47,4.4,1.9,12.0,3
151,148,Devin Singletary,HOU,26,RB,17,10,38,30,78.9%,193,6.4,0,7,36.8,41,5.1,1.8,11.4,1
152,149,Mike Gesicki,NWE,28,TE,17,10,45,29,64.4%,244,8.4,2,11,44.4,18,5.4,1.7,14.4,0
153,Rk,Player,Tm,Age,Pos,G,GS,Tgt,Rec,Ctch%,Yds,Y/R,TD,1D,Succ%,Lng,Y/Tgt,R/G,Y/G,Fmb
154,150,Najee Harris,PIT,25,RB,17,17,38,29,76.3%,170,5.9,0,9,50.0,32,4.5,1.7,10.0,2
155,151,Brandon Powell,MIN,28,WR,17,2,44,29,65.9%,324,11.2,1,18,50.0,28,7.4,1.7,19.1,1
156,152,JuJu Smith-Schuster,NWE,27,WR,11,7,47,29,61.7%,260,9.0,1,13,42.6,37,5.5,2.6,23.6,0
157,153,Kenneth Walker III,SEA,23,RB,15,15,37,29,78.4%,259,8.9,1,9,43.2,64,7.0,1.9,17.3,1
158,154,Noah Gray,KAN,24,TE,17,10,41,28,68.3%,305,10.9,2,16,53.7,34,7.4,1.6,17.9,0
159,155,Derrick Henry*,TEN,29,RB,17,17,36,28,77.8%,214,7.6,0,7,44.4,46,5.9,1.6,12.6,0
160,156,Justice Hill,BAL,26,RB,16,5,39,28,71.8%,206,7.4,1,8,30.8,24,5.3,1.8,12.9,1
161,157,Christian Watson,GNB,24,WR,9,9,53,28,52.8%,422,15.1,5,20,50.9,77,8.0,3.1,46.9,0
162,158,Nick Westbrook-Ikhine,TEN,26,WR,14,9,45,28,62.2%,370,13.2,3,18,57.8,33,8.2,2.0,26.4,0
163,159,De'Von Achane,MIA,22,RB,11,4,37,27,73.0%,197,7.3,3,10,48.6,23,5.3,2.5,17.9,1
164,160,Braxton Berrios,MIA,28,WR,16,1,33,27,81.8%,238,8.8,1,15,57.6,22,7.2,1.7,14.9,1
165,161,James Conner,ARI,28,RB,13,13,33,27,81.8%,165,6.1,2,11,39.4,34,5.0,2.1,12.7,0
166,162,Zach Ertz,ARI,33,TE,7,7,43,27,62.8%,187,6.9,1,8,41.9,17,4.3,3.9,26.7,0
167,163,Michael Mayer,LVR,22,TE,14,12,40,27,67.5%,304,11.3,2,19,60.0,32,7.6,1.9,21.7,0
168,164,Zack Moss,IND,26,RB,14,8,37,27,73.0%,192,7.1,2,10,35.1,26,5.2,1.9,13.7,0
169,165,Donald Parham,LAC,26,TE,14,8,41,27,65.9%,285,10.6,4,22,61.0,24,7.0,1.9,20.4,0
170,166,Miles Sanders,CAR,26,RB,16,5,41,27,65.9%,154,5.7,0,8,39.0,14,3.8,1.7,9.6,2
171,167,Kadarius Toney,KAN,24,WR,13,2,38,27,71.1%,169,6.3,1,12,44.7,18,4.4,2.1,13.0,1
172,168,Justin Watson,KAN,28,WR,16,8,53,27,50.9%,460,17.0,3,21,50.9,41,8.7,1.7,28.8,1
173,169,Demarcus Robinson,LAR,29,WR,16,4,39,26,66.7%,371,14.3,4,20,59.0,37,9.5,1.6,23.2,2
174,170,Daniel Bellinger,NYG,23,TE,17,13,28,25,89.3%,255,10.2,0,6,39.3,26,9.1,1.5,15.0,0
175,171,Austin Hooper,LVR,29,TE,17,9,31,25,80.6%,234,9.4,0,12,61.3,21,7.5,1.5,13.8,0
176,172,Trenton Irwin,CIN,28,WR,16,5,32,25,78.1%,316,12.6,1,15,59.4,32,9.9,1.6,19.8,2
177,173,Jerick McKinnon,KAN,31,RB,12,0,32,25,78.1%,192,7.7,4,10,43.8,27,6.0,2.1,16.0,0
178,174,Raheem Mostert*,MIA,31,RB,15,15,32,25,78.1%,175,7.0,3,6,40.6,22,5.5,1.7,11.7,4
179,175,Colby Parkinson,SEA,24,TE,17,1,34,25,73.5%,247,9.9,2,11,52.9,27,7.3,1.5,14.5,0
180,176,Hunter Renfrow,LVR,28,WR,17,3,37,25,67.6%,255,10.2,0,11,40.5,38,6.9,1.5,15.0,1
181,177,Michael Carter,2TM,24,RB,15,0,31,24,77.4%,101,4.2,1,5,32.3,10,3.3,1.6,6.7,0
182,178,Greg Dortch,ARI,25,WR,16,4,41,24,58.5%,280,11.7,2,14,48.8,38,6.8,1.5,17.5,0
183,179,Jameson Williams,DET,22,WR,12,10,42,24,57.1%,354,14.8,2,14,47.6,63,8.4,2.0,29.5,1
184,Rk,Player,Tm,Age,Pos,G,GS,Tgt,Rec,Ctch%,Yds,Y/R,TD,1D,Succ%,Lng,Y/Tgt,R/G,Y/G,Fmb
185,180,Connor Heyward,PIT,24,TE,17,7,34,23,67.6%,167,7.3,0,8,47.1,13,4.9,1.4,9.8,0
186,181,Jalin Hyatt,NYG,22,WR,17,7,40,23,57.5%,373,16.2,0,11,47.5,58,9.3,1.4,21.9,1
187,182,Allen Lazard,NYJ,28,WR,14,12,49,23,46.9%,311,13.5,1,17,40.8,39,6.3,1.6,22.2,0
188,183,Tommy Tremble,CAR,23,TE,16,8,32,23,71.9%,194,8.4,3,10,50.0,30,6.1,1.4,12.1,0
189,184,AJ Dillon,GNB,25,RB,15,6,28,22,78.6%,223,10.1,0,10,57.1,35,8.0,1.5,14.9,0
190,185,Dawson Knox,BUF,27,TE,12,11,36,22,61.1%,186,8.5,2,13,50.0,17,5.2,1.8,15.5,0
191,186,Marvin Mims*,DEN,21,WR,16,7,33,22,66.7%,377,17.1,1,9,48.5,60,11.4,1.4,23.6,2
192,187,Chris Moore,TEN,30,WR,17,5,35,22,62.9%,424,19.3,0,16,54.3,49,12.1,1.3,24.9,1
193,188,Josh Oliver,MIN,26,TE,17,14,28,22,78.6%,213,9.7,2,12,53.6,33,7.6,1.3,12.5,1
194,189,Drew Sample,CIN,27,TE,17,10,27,22,81.5%,163,7.4,2,9,44.4,22,6.0,1.3,9.6,0
195,190,Jalen Tolbert,DAL,24,WR,17,6,36,22,61.1%,268,12.2,2,13,55.6,45,7.4,1.3,15.8,1
196,191,Adam Trautman,DEN,26,TE,17,12,35,22,62.9%,204,9.3,3,10,51.4,24,5.8,1.3,12.0,0
197,192,Cedrick Wilson Jr.,MIA,28,WR,15,3,38,22,57.9%,296,13.5,3,14,47.4,31,7.8,1.5,19.7,0
198,193,Ty Chandler,MIN,25,RB,17,4,25,21,84.0%,159,7.6,0,7,48.0,19,6.4,1.2,9.4,0
199,194,Emari Demercado,ARI,24,RB,14,2,30,21,70.0%,119,5.7,0,4,30.0,22,4.0,1.5,8.5,0
200,195,Xavier Gipson,NYJ,22,WR,17,3,38,21,55.3%,229,10.9,0,9,34.2,36,6.0,1.2,13.5,5
201,196,Isaiah Hodgins,NYG,25,WR,17,9,33,21,63.6%,230,11.0,3,12,63.6,24,7.0,1.2,13.5,1
202,197,Skyy Moore,KAN,23,WR,14,8,38,21,55.3%,244,11.6,1,13,44.7,54,6.4,1.5,17.4,0
203,198,Foster Moreau,NOR,26,TE,15,10,25,21,84.0%,193,9.2,1,9,60.0,23,7.7,1.4,12.9,0
204,199,Cedric Tillman,CLE,23,WR,14,3,44,21,47.7%,224,10.7,0,12,40.9,23,5.1,1.5,16.0,0
205,200,Marquez Valdes-Scantling,KAN,29,WR,16,10,42,21,50.0%,315,15.0,1,14,40.5,46,7.5,1.3,19.7,1
206,201,Parris Campbell,NYG,26,WR,12,3,27,20,74.1%,104,5.2,0,2,37.0,17,3.9,1.7,8.7,0
207,202,Khalil Herbert,CHI,25,RB,12,9,31,20,64.5%,134,6.7,1,9,41.9,23,4.3,1.7,11.2,1
208,203,Van Jefferson,2TM,27,WR,17,9,43,20,46.5%,209,10.5,0,10,37.2,46,4.9,1.2,12.3,0
209,204,Ameer Abdullah,LVR,30,RB,17,0,24,19,79.2%,131,6.9,0,4,33.3,18,5.5,1.1,7.7,0
210,205,John Bates,WAS,26,TE,17,4,28,19,67.9%,151,7.9,0,6,50.0,35,5.4,1.1,8.9,0
211,206,Jake Bobo,SEA,25,WR,17,0,25,19,76.0%,196,10.3,2,9,60.0,31,7.8,1.1,11.5,0
212,207,Jauan Jennings,SFO,26,WR,13,2,33,19,57.6%,265,13.9,1,12,48.5,31,8.0,1.5,20.4,0
213,208,Brandon Johnson,DEN,25,WR,13,2,30,19,63.3%,284,14.9,4,12,60.0,50,9.5,1.5,21.8,0
214,209,Terrace Marshall Jr.,CAR,23,WR,9,4,33,19,57.6%,139,7.3,0,8,45.5,14,4.2,2.1,15.4,1
215,Rk,Player,Tm,Age,Pos,G,GS,Tgt,Rec,Ctch%,Yds,Y/R,TD,1D,Succ%,Lng,Y/Tgt,R/G,Y/G,Fmb
216,210,Jonathan Taylor,IND,24,RB,10,7,23,19,82.6%,153,8.1,1,5,43.5,40,6.7,1.9,15.3,1
217,211,Tre Tucker,LVR,22,WR,16,1,34,19,55.9%,331,17.4,2,12,41.2,50,9.7,1.2,20.7,0
218,212,Mike Williams,LAC,29,WR,3,3,26,19,73.1%,249,13.1,1,9,53.8,49,9.6,6.3,83.0,0
219,213,Tyler Allgeier,ATL,23,RB,17,3,23,18,78.3%,193,10.7,1,6,39.1,75,8.4,1.1,11.4,0
220,214,Mack Hollins,ATL,30,WR,13,3,30,18,60.0%,251,13.9,0,9,46.7,45,8.4,1.4,19.3,0
221,215,Hayden Hurst,CAR,30,TE,9,8,32,18,56.3%,184,10.2,1,7,46.9,48,5.8,2.0,20.4,0
222,216,Will Mallory,IND,24,TE,12,2,26,18,69.2%,207,11.5,0,11,50.0,43,8.0,1.5,17.3,1
223,217,Irv Smith Jr.,CIN,25,TE,12,6,26,18,69.2%,115,6.4,1,5,38.5,14,4.4,1.5,9.6,1
224,218,Jamaal Williams,NOR,28,RB,13,4,20,18,90.0%,62,3.4,0,1,30.0,12,3.1,1.4,4.8,1
225,219,Calvin Austin,PIT,24,WR,17,1,30,17,56.7%,180,10.6,1,7,40.0,72,6.0,1.0,10.6,2
226,220,Matt Breida,NYG,28,RB,17,4,21,17,81.0%,88,5.2,0,2,19.0,22,4.2,1.0,5.2,1
227,221,Will Dissly,SEA,27,TE,16,14,22,17,77.3%,172,10.1,1,8,59.1,21,7.8,1.1,10.8,0
228,222,Rico Dowdle,DAL,25,RB,16,0,22,17,77.3%,144,8.5,2,6,40.9,32,6.5,1.1,9.0,0
229,223,Clyde Edwards-Helaire,KAN,24,RB,15,3,22,17,77.3%,188,11.1,1,7,50.0,48,8.5,1.1,12.5,0
230,224,Brevin Jordan,HOU,23,TE,14,6,21,17,81.0%,219,12.9,2,13,81.0,27,10.4,1.2,15.6,0
231,225,Johnny Mundt,MIN,29,TE,17,0,23,17,73.9%,172,10.1,1,8,52.2,32,7.5,1.0,10.1,0
232,226,Latavius Murray,BUF,33,RB,16,4,22,17,77.3%,119,7.0,0,7,45.5,22,5.4,1.1,7.4,1
233,227,Tyler Scott,CHI,22,WR,17,4,32,17,53.1%,168,9.9,0,10,43.8,30,5.3,1.0,9.9,1
234,228,Deven Thompkins,TAM,24,WR,17,1,25,17,68.0%,83,4.9,1,5,32.0,26,3.3,1.0,4.9,3
235,229,Salvon Ahmed,MIA,25,RB,8,0,23,16,69.6%,88,5.5,1,4,30.4,20,3.8,2.0,11.0,0
236,230,Treylon Burks,TEN,23,WR,11,9,30,16,53.3%,221,13.8,0,8,43.3,70,7.4,1.5,20.1,0
237,231,Jamison Crowder,WAS,30,WR,17,0,20,16,80.0%,159,9.9,1,8,60.0,26,8.0,0.9,9.4,2
238,232,Alex Erickson,LAC,31,WR,8,3,29,16,55.2%,232,14.5,1,12,48.3,27,8.0,2.0,29.0,0
239,233,Bo Melton,GNB,24,WR,5,1,24,16,66.7%,218,13.6,1,13,62.5,37,9.1,3.2,43.6,0
240,234,John Metchie,HOU,23,WR,16,0,30,16,53.3%,158,9.9,0,7,43.3,22,5.3,1.0,9.9,0
241,235,David Montgomery,DET,26,RB,14,14,24,16,66.7%,117,7.3,0,7,54.2,19,4.9,1.1,8.4,2
242,236,Jeremy Ruckert,NYJ,23,TE,15,6,22,16,72.7%,151,9.4,0,6,50.0,23,6.9,1.1,10.1,0
243,237,Parker Washington,JAX,21,WR,9,1,21,16,76.2%,132,8.3,2,5,52.4,19,6.3,1.8,14.7,2
244,238,Jordan Akins,CLE,31,TE,17,4,23,15,65.2%,132,8.8,0,6,52.2,28,5.7,0.9,7.8,0
245,239,Dalvin Cook,2TM,28,,15,1,20,15,75.0%,78,5.2,0,0,0.0,15,3.9,1.0,5.2,2
246,Rk,Player,Tm,Age,Pos,G,GS,Tgt,Rec,Ctch%,Yds,Y/R,TD,1D,Succ%,Lng,Y/Tgt,R/G,Y/G,Fmb
247,240,Derius Davis,LAC,23,WR,17,2,17,15,88.2%,66,4.4,0,0,23.5,18,3.9,0.9,3.9,3
248,241,Mecole Hardman,2TM,25,WR,11,2,24,15,62.5%,124,8.3,0,8,50.0,37,5.2,1.4,11.3,1
249,242,Deonte Harty,BUF,26,WR,16,1,21,15,71.4%,150,10.0,1,9,52.4,43,7.1,0.9,9.4,2
250,243,Malik Heath,GNB,23,WR,13,1,24,15,62.5%,125,8.3,1,6,41.7,16,5.2,1.2,9.6,0
251,244,Kareem Hunt,CLE,28,RB,15,2,21,15,71.4%,84,5.6,0,5,38.1,13,4.0,1.0,5.6,0
252,245,Andrei Iosivas,CIN,24,WR,16,1,25,15,60.0%,116,7.7,4,11,60.0,16,4.6,0.9,7.3,0
253,246,Kyle Philips,TEN,24,WR,9,0,22,15,68.2%,181,12.1,0,9,50.0,29,8.2,1.7,20.1,1
254,247,Quez Watkins,PHI,25,WR,9,5,21,15,71.4%,142,9.5,1,8,61.9,19,6.8,1.7,15.8,0
255,248,Zamir White,LVR,24,RB,17,4,19,15,78.9%,98,6.5,0,4,52.6,15,5.2,0.9,5.8,1
256,249,Jamal Agnew,JAX,28,WR,11,1,21,14,66.7%,225,16.1,1,8,57.1,65,10.7,1.3,20.5,1
257,250,David Bell,CLE,23,WR,15,3,23,14,60.9%,167,11.9,3,9,47.8,41,7.3,0.9,11.1,0
258,251,Chase Brown,CIN,23,RB,12,0,15,14,93.3%,156,11.1,1,4,53.3,54,10.4,1.2,13.0,1
259,252,Chase Edmonds,TAM,27,RB,13,0,17,14,82.4%,81,5.8,0,5,58.8,14,4.8,1.1,6.2,0
260,253,Elijah Higgins,ARI,23,TE,11,2,19,14,73.7%,163,11.6,1,9,52.6,26,8.6,1.3,14.8,0
261,254,KhaDarel Hodge,ATL,28,WR,17,4,23,14,60.9%,232,16.6,0,13,60.9,52,10.1,0.8,13.6,1
262,255,Kyle Juszczyk*+,SFO,32,FB,17,16,17,14,82.4%,119,8.5,2,8,82.4,22,7.0,0.8,7.0,0
263,256,Byron Pringle,WAS,30,WR,17,1,22,14,63.6%,161,11.5,0,7,40.9,26,7.3,0.8,9.5,1
264,257,Jeff Wilson,MIA,28,RB,10,0,17,14,82.4%,85,6.1,0,3,29.4,12,5.0,1.4,8.5,0
265,258,Mo Alie-Cox,IND,30,TE,17,7,22,13,59.1%,161,12.4,3,9,45.5,35,7.3,0.8,9.5,0
266,259,Pharaoh Brown,NWE,29,TE,17,11,15,13,86.7%,208,16.0,1,8,66.7,58,13.9,0.8,12.2,1
267,260,Harrison Bryant,CLE,25,TE,17,9,20,13,65.0%,81,6.2,3,4,50.0,23,4.1,0.8,4.8,1
268,261,Luke Farrell,JAX,26,TE,17,8,15,13,86.7%,155,11.9,0,5,73.3,42,10.3,0.8,9.1,0
269,262,Lil'Jordan Humphrey,DEN,25,WR,17,8,19,13,68.4%,162,12.5,3,9,63.2,54,8.5,0.8,9.5,0
270,263,Alec Ingold*,MIA,27,FB,17,13,16,13,81.3%,119,9.2,0,5,62.5,23,7.4,0.8,7.0,0
271,264,Donovan Peoples-Jones,2TM,24,WR,15,6,25,13,52.0%,155,11.9,0,7,40.0,29,6.2,0.9,10.3,1
272,265,Dameon Pierce,HOU,23,RB,14,7,17,13,76.5%,101,7.8,0,3,52.9,27,5.9,0.9,7.2,0
273,266,Tyquan Thornton,NWE,23,WR,9,3,23,13,56.5%,91,7.0,0,3,17.4,15,4.0,1.4,10.1,0
274,267,Brock Wright,DET,25,TE,14,4,14,13,92.9%,91,7.0,1,2,64.3,25,6.5,0.9,6.5,0
275,268,Dyami Brown,WAS,24,WR,17,1,23,12,52.2%,168,14.0,1,8,47.8,35,7.3,0.7,9.9,0
276,269,Gus Edwards,BAL,28,RB,17,9,13,12,92.3%,180,15.0,0,5,69.2,80,13.8,0.7,10.6,3
277,Rk,Player,Tm,Age,Pos,G,GS,Tgt,Rec,Ctch%,Yds,Y/R,TD,1D,Succ%,Lng,Y/Tgt,R/G,Y/G,Fmb
278,270,Ray-Ray McCloud,SFO,27,WR,12,1,15,12,80.0%,135,11.3,0,7,66.7,41,9.0,1.0,11.3,1
279,271,A.T. Perry,NOR,24,WR,10,3,18,12,66.7%,246,20.5,4,10,61.1,44,13.7,1.2,24.6,0
280,272,Stephen Sullivan,CAR,27,TE,11,0,24,12,50.0%,125,10.4,0,5,37.5,20,5.2,1.1,11.4,0
281,273,KaVontae Turpin,DAL,27,WR,16,0,18,12,66.7%,127,10.6,3,9,61.1,34,7.1,0.8,7.9,1
282,274,Cam Akers,2TM,24,RB,7,1,12,11,91.7%,70,6.4,0,2,50.0,30,5.8,1.6,10.0,0
283,275,Andrew Beck,HOU,27,FB,15,12,13,11,84.6%,55,5.0,2,4,53.8,26,4.2,0.7,3.7,1
284,276,Lynn Bowden Jr.,NOR,26,WR,15,3,16,11,68.8%,83,7.5,0,2,37.5,17,5.2,0.7,5.5,1
285,277,D'Onta Foreman,CHI,27,RB,9,8,16,11,68.8%,77,7.0,1,6,43.8,17,4.8,1.2,8.6,1
286,278,Julio Jones,PHI,34,WR,11,4,19,11,57.9%,74,6.7,3,4,31.6,22,3.9,1.0,6.7,0
287,279,Tim Jones,JAX,25,WR,17,2,18,11,61.1%,83,7.5,0,4,38.9,15,4.6,0.6,4.9,0
288,280,Isaiah McKenzie,IND,28,WR,13,2,14,11,78.6%,82,7.5,0,4,35.7,30,5.9,0.8,6.3,3
289,281,Scott Miller,ATL,26,WR,17,0,16,11,68.8%,161,14.6,2,6,50.0,56,10.1,0.6,9.5,0
290,282,Trent Sherfield,BUF,27,WR,17,1,22,11,50.0%,86,7.8,1,4,40.9,12,3.9,0.6,5.1,0
291,283,Stone Smartt,LAC,25,TE,16,3,21,11,52.4%,155,14.1,1,6,42.9,51,7.4,0.7,9.7,0
292,284,Patrick Taylor,GNB,25,RB,11,0,17,11,64.7%,49,4.5,0,4,29.4,16,2.9,1.0,4.5,0
293,285,Robert Tonyan,CHI,29,TE,17,6,17,11,64.7%,112,10.2,0,6,47.1,24,6.6,0.6,6.6,0
294,286,Cole Turner,WAS,23,TE,12,1,15,11,73.3%,120,10.9,0,4,60.0,29,8.0,0.9,10.0,0
295,287,Davis Allen,LAR,22,TE,15,1,11,10,90.9%,95,9.5,1,7,81.8,21,8.6,0.7,6.3,0
296,288,Jalen Guyton,LAC,26,WR,8,3,21,10,47.6%,89,8.9,1,6,38.1,18,4.2,1.3,11.1,0
297,289,Darrell Henderson,LAR,26,RB,4,4,14,10,71.4%,103,10.3,0,3,28.6,32,7.4,2.5,25.8,0
298,290,Richie James,KAN,28,WR,9,1,14,10,71.4%,114,11.4,0,5,57.1,45,8.1,1.1,12.7,2
299,291,D'Ernest Johnson,JAX,27,RB,17,0,12,10,83.3%,140,14.0,0,6,50.0,42,11.7,0.6,8.2,0
300,292,Kendre Miller,NOR,21,RB,8,0,11,10,90.9%,117,11.7,0,5,54.5,33,10.6,1.3,14.6,0
301,293,Laviska Shenault Jr.,CAR,25,WR,8,0,10,10,100.0%,60,6.0,0,2,30.0,14,6.0,1.3,7.5,1
302,294,Sterling Shepard,NYG,30,WR,15,2,22,10,45.5%,57,5.7,1,4,22.7,13,2.6,0.7,3.8,1
303,295,Geoff Swaim,ARI,30,TE,14,8,11,10,90.9%,94,9.4,0,4,72.7,26,8.5,0.7,6.7,0
304,296,Olamide Zaccheaus,PHI,26,WR,17,1,20,10,50.0%,164,16.4,2,7,50.0,34,8.2,0.6,9.6,0
305,297,River Cracraft,MIA,29,WR,10,1,12,9,75.0%,121,13.4,1,8,66.7,24,10.1,0.9,12.1,0
306,298,Keaton Mitchell,BAL,21,RB,8,2,11,9,81.8%,93,10.3,0,5,63.6,32,8.5,1.1,11.6,0
307,299,Andrew Ogletree,IND,25,TE,12,9,21,9,42.9%,147,16.3,2,8,38.1,33,7.0,0.8,12.3,0
308,Rk,Player,Tm,Age,Pos,G,GS,Tgt,Rec,Ctch%,Yds,Y/R,TD,1D,Succ%,Lng,Y/Tgt,R/G,Y/G,Fmb
309,300,Cordarrelle Patterson,ATL,32,RB,14,0,12,9,75.0%,38,4.2,1,2,33.3,11,3.2,0.6,2.7,1
310,301,MyCole Pruitt,ATL,31,TE,17,8,12,9,75.0%,110,12.2,1,6,66.7,22,9.2,0.5,6.5,1
311,302,Josh Whyle,TEN,24,TE,11,3,15,9,60.0%,94,10.4,1,8,60.0,24,6.3,0.8,8.5,0
312,303,Mitchell Wilcox,CIN,27,TE,17,4,12,9,75.0%,56,6.2,0,2,50.0,12,4.7,0.5,3.3,0
313,304,Chase Claypool,2TM,25,WR,12,2,21,8,38.1%,77,9.6,1,4,23.8,20,3.7,0.7,6.4,0
314,305,Josiah Deguara,GNB,26,TE,15,4,8,8,100.0%,65,8.1,0,3,75.0,19,8.1,0.5,4.3,0
315,306,Xavier Hutchinson,HOU,23,WR,16,0,19,8,42.1%,90,11.3,0,3,21.1,34,4.7,0.5,5.6,0
316,307,Joshua Kelley,LAC,26,RB,17,3,12,8,66.7%,32,4.0,0,0,33.3,6,2.7,0.5,1.9,1
317,308,Lucas Krull,DEN,25,TE,7,2,14,8,57.1%,95,11.9,1,5,42.9,35,6.8,1.1,13.6,0
318,309,Luke Schoonmaker,DAL,25,TE,17,0,15,8,53.3%,65,8.1,2,5,40.0,18,4.3,0.5,3.8,0
319,310,Ben Skowronek,LAR,26,WR,17,0,12,8,66.7%,66,8.3,1,3,41.7,20,5.5,0.5,3.9,0
320,311,Ihmir Smith-Marsette,CAR,24,WR,17,0,10,8,80.0%,51,6.4,0,5,50.0,18,5.1,0.5,3.0,2
321,312,Samori Toure,GNB,25,WR,11,0,18,8,44.4%,78,9.8,0,4,27.8,35,4.3,0.7,7.1,1
322,313,C.J. Uzomah,NYJ,30,TE,12,8,12,8,66.7%,58,7.3,1,5,58.3,19,4.8,0.7,4.8,0
323,314,Israel Abanikanda,NYJ,21,RB,6,0,11,7,63.6%,43,6.1,0,2,36.4,13,3.9,1.2,7.2,1
324,315,Mike Boone,HOU,28,S,9,0,9,7,77.8%,40,5.7,0,2,44.4,12,4.4,0.8,4.4,1
325,316,Darrynton Evans,2TM,25,RB,7,0,12,7,58.3%,49,7.0,0,2,33.3,17,4.1,1.0,7.0,0
326,317,C.J. Ham*,MIN,30,FB,17,5,9,7,77.8%,25,3.6,0,1,33.3,7,2.8,0.4,1.5,0
327,318,Ty Johnson,BUF,26,RB,10,0,7,7,100.0%,62,8.9,1,2,71.4,28,8.9,0.7,6.2,1
328,319,Charlie Jones,CIN,25,WR,11,0,9,7,77.8%,64,9.1,0,3,44.4,35,7.1,0.6,5.8,0
329,320,Tony Jones,2TM,26,RB,7,1,10,7,70.0%,37,5.3,0,1,20.0,11,3.7,1.0,5.3,0
330,321,Charlie Kolar,BAL,24,TE,15,3,9,7,77.8%,87,12.4,1,5,77.8,19,9.7,0.5,5.8,0
331,322,Jalen Reagor,NWE,24,WR,11,1,23,7,30.4%,138,19.7,0,5,21.7,39,6.0,0.6,12.5,0
332,323,Deuce Vaughn,DAL,22,RB,7,0,7,7,100.0%,40,5.7,0,1,42.9,11,5.7,1.0,5.7,0
333,324,Darnell Washington,PIT,22,TE,17,7,10,7,70.0%,61,8.7,0,4,60.0,12,6.1,0.4,3.6,0
334,325,Trayveon Williams,CIN,26,RB,17,0,9,7,77.8%,10,1.4,0,0,11.1,5,1.1,0.4,0.6,0
335,326,Ronnie Bell,SFO,23,WR,17,0,13,6,46.2%,68,11.3,3,5,46.2,20,5.2,0.4,4.0,1
336,327,Raheem Blackshear,CAR,24,RB,12,0,7,6,85.7%,45,7.5,0,1,71.4,19,6.4,0.5,3.8,0
337,328,Jalen Brooks,DAL,23,WR,7,0,6,6,100.0%,64,10.7,0,4,83.3,24,10.7,0.9,9.1,0
338,329,DeeJay Dallas,SEA,25,RB,17,0,9,6,66.7%,26,4.3,0,1,11.1,14,2.9,0.4,1.5,2
339,Rk,Player,Tm,Age,Pos,G,GS,Tgt,Rec,Ctch%,Yds,Y/R,TD,1D,Succ%,Lng,Y/Tgt,R/G,Y/G,Fmb
340,330,Keelan Doss,LAC,27,WR,5,0,13,6,46.2%,33,5.5,0,1,23.1,9,2.5,1.2,6.6,0
341,331,Tyler Goodson,IND,23,RB,6,1,9,6,66.7%,34,5.7,0,1,55.6,15,3.8,1.0,5.7,0
342,332,Jimmy Graham,NOR,37,TE,13,2,7,6,85.7%,39,6.5,4,6,85.7,12,5.6,0.5,3.0,0
343,333,Eric Gray,NYG,24,RB,13,0,7,6,85.7%,22,3.7,0,0,0.0,9,3.1,0.5,1.7,3
344,334,Julian Hill,MIA,23,TE,15,4,9,6,66.7%,48,8.0,0,2,55.6,18,5.3,0.4,3.2,1
345,335,Elijah Mitchell,SFO,25,RB,11,1,8,6,75.0%,14,2.3,0,2,37.5,9,1.8,0.5,1.3,0
346,336,Justyn Ross,KAN,24,WR,10,1,11,6,54.5%,53,8.8,0,2,45.5,20,4.8,0.6,5.3,0
347,337,Isaiah Spiller,LAC,22,RB,9,0,6,6,100.0%,34,5.7,0,1,66.7,10,5.7,0.7,3.8,0
348,338,Blake Bell,KAN,32,TE,17,3,9,5,55.6%,26,5.2,1,1,44.4,8,2.9,0.3,1.5,1
349,339,Gary Brightwell,NYG,24,RB,7,0,7,5,71.4%,47,9.4,0,2,42.9,18,6.7,0.7,6.7,0
350,340,Jason Brownlee,NYJ,24,WR,7,5,8,5,62.5%,56,11.2,1,2,50.0,24,7.0,0.7,8.0,0
351,341,Randall Cobb,NYJ,33,WR,11,1,17,5,29.4%,39,7.8,1,3,17.6,15,2.3,0.5,3.5,0
352,342,Payne Durham,TAM,23,TE,13,2,7,5,71.4%,58,11.6,0,3,71.4,25,8.3,0.4,4.5,0
353,343,Brycen Hopkins,LAR,26,TE,15,0,7,5,71.4%,78,15.6,0,3,57.1,29,11.1,0.3,5.2,0
354,344,Deon Jackson,3TM,24,RB,4,1,6,5,83.3%,14,2.8,0,0,33.3,8,2.3,1.3,3.5,2
355,345,Marvin Jones,DET,33,WR,6,4,10,5,50.0%,35,7.0,0,2,30.0,16,3.5,0.8,5.8,1
356,346,Keith Kirkwood,NOR,29,WR,13,4,9,5,55.6%,37,7.4,1,3,44.4,13,4.1,0.4,2.8,0
357,347,Ty Montgomery,NWE,30,RB,13,0,12,5,41.7%,40,8.0,0,3,33.3,17,3.3,0.4,3.1,0
358,348,David Moore,TAM,28,WR,7,0,7,5,71.4%,94,18.8,1,3,71.4,52,13.4,0.7,13.4,0
359,349,Craig Reynolds,DET,27,RB,17,0,5,5,100.0%,47,9.4,0,2,60.0,28,9.4,0.3,2.8,2
360,350,Patrick Ricard,BAL,29,FB,17,9,7,5,71.4%,52,10.4,1,3,42.9,28,7.4,0.3,3.1,0
361,351,Ronnie Rivers,LAR,24,RB,9,1,5,5,100.0%,22,4.4,0,0,40.0,10,4.4,0.6,2.4,0
362,352,Equanimeous St. Brown,CHI,27,WR,7,2,6,5,83.3%,62,12.4,0,3,83.3,21,10.3,0.7,8.9,0
363,353,Jack Stoll,PHI,25,TE,17,10,8,5,62.5%,38,7.6,0,2,50.0,14,4.8,0.3,2.2,0
364,354,Brenton Strange,JAX,23,TE,14,4,9,5,55.6%,35,7.0,1,2,22.2,17,3.9,0.4,2.5,0
365,355,Pierre Strong,CLE,25,RB,17,1,8,5,62.5%,47,9.4,0,1,25.0,41,5.9,0.3,2.8,1
366,356,Ian Thomas,CAR,27,TE,12,5,9,5,55.6%,56,11.2,0,1,33.3,28,6.2,0.4,4.7,0
367,357,Nate Adkins,DEN,24,TE,10,1,5,4,80.0%,22,5.5,0,1,20.0,11,4.4,0.4,2.2,0
368,358,Lawrence Cager,NYG,26,TE,11,0,5,4,80.0%,36,9.0,1,2,60.0,10,7.2,0.4,3.3,0
369,359,Grant Calcaterra,PHI,25,TE,15,1,4,4,100.0%,39,9.8,0,3,100.0,12,9.8,0.3,2.6,0
370,Rk,Player,Tm,Age,Pos,G,GS,Tgt,Rec,Ctch%,Yds,Y/R,TD,1D,Succ%,Lng,Y/Tgt,R/G,Y/G,Fmb
371,360,DeAndre Carter,LVR,30,WR,17,1,7,4,57.1%,39,9.8,0,0,28.6,16,5.6,0.2,2.3,2
372,361,Robbie Chosen,MIA,30,WR,9,0,6,4,66.7%,126,31.5,1,3,66.7,68,21.0,0.4,14.0,0
373,362,Nick Chubb,CLE,28,RB,2,2,4,4,100.0%,21,5.3,0,1,50.0,10,5.3,2.0,10.5,0
374,363,Britain Covey,PHI,26,WR,16,0,6,4,66.7%,42,10.5,0,2,66.7,22,7.0,0.3,2.6,2
375,364,Devin Duvernay,BAL,26,WR,13,1,9,4,44.4%,18,4.5,0,0,11.1,10,2.0,0.3,1.4,0
376,365,Marquise Goodwin,CLE,33,WR,12,0,13,4,30.8%,67,16.8,0,1,7.7,57,5.2,0.3,5.6,0
377,366,Peyton Hendershot,DAL,24,TE,8,1,7,4,57.1%,38,9.5,0,1,42.9,24,5.4,0.5,4.8,0
378,367,Keaontay Ingram,ARI,24,RB,8,1,4,4,100.0%,26,6.5,0,1,50.0,9,6.5,0.5,3.3,0
379,368,Rakim Jarrett,TAM,22,WR,10,0,9,4,44.4%,60,15.0,0,1,33.3,41,6.7,0.4,6.0,0
380,369,Velus Jones Jr.,CHI,26,WR,14,0,7,4,57.1%,20,5.0,0,1,42.9,11,2.9,0.3,1.4,0
381,370,Marcedes Lewis,CHI,39,TE,17,4,5,4,80.0%,29,7.3,1,2,80.0,16,5.8,0.2,1.7,0
382,371,Zach Pascal,ARI,29,WR,14,1,15,4,26.7%,19,4.8,0,1,20.0,9,1.3,0.3,1.4,0
383,372,Boston Scott,PHI,28,RB,15,0,6,4,66.7%,52,13.0,0,2,33.3,27,8.7,0.3,3.5,1
384,373,Ben Sims,GNB,23,TE,17,1,6,4,66.7%,21,5.3,1,3,66.7,12,3.5,0.2,1.2,0
385,374,Austin Trammell,LAR,25,WR,16,0,7,4,57.1%,29,7.3,0,2,28.6,14,4.1,0.3,1.8,3
386,375,Emanuel Wilson,GNB,24,RB,7,0,5,4,80.0%,23,5.8,0,1,80.0,9,4.6,0.6,3.3,1
387,376,Alex Armah,WAS,29,RB,8,0,3,3,100.0%,13,4.3,0,1,33.3,10,4.3,0.4,1.6,0
388,377,Nick Bawden,NYJ,27,FB,16,2,3,3,100.0%,21,7.0,0,1,66.7,8,7.0,0.2,1.3,0
389,378,Khari Blasingame,CHI,27,FB,16,2,6,3,50.0%,2,0.7,0,0,16.7,4,0.3,0.2,0.1,0
390,379,Miles Boykin,PIT,27,WR,17,0,4,3,75.0%,17,5.7,0,0,50.0,6,4.3,0.2,1.0,0
391,380,Michael Burton,DEN,31,FB,17,3,3,3,100.0%,8,2.7,0,2,66.7,4,2.7,0.2,0.5,0
392,381,Chris Conley,SFO,31,WR,8,0,6,3,50.0%,69,23.0,0,2,33.3,48,11.5,0.4,8.6,0
393,382,Elijah Cooks,JAX,25,WR,9,0,4,3,75.0%,38,12.7,0,2,50.0,23,9.5,0.3,4.2,0
394,383,Jashaun Corbin,NYG,23,RB,6,0,3,3,100.0%,12,4.0,0,1,33.3,7,4.0,0.5,2.0,0
395,384,Greg Dulcich,DEN,23,TE,2,1,4,3,75.0%,25,8.3,0,2,50.0,13,6.3,1.5,12.5,0
396,385,Melvin Gordon,BAL,30,RB,4,0,3,3,100.0%,46,15.3,0,3,100.0,23,15.3,0.8,11.5,1
397,386,Kevin Harris,NWE,23,RB,4,0,3,3,100.0%,58,19.3,0,2,66.7,48,19.3,0.8,14.5,0
398,387,Hunter Luepke,DAL,23,RB,17,0,4,3,75.0%,18,6.0,0,1,50.0,12,4.5,0.2,1.1,0
399,388,Jordan Mason,SFO,24,RB,17,0,4,3,75.0%,31,10.3,0,1,50.0,13,7.8,0.2,1.8,0
400,389,D.J. Montgomery,IND,27,WR,7,0,8,3,37.5%,56,18.7,1,3,37.5,34,7.0,0.4,8.0,0
401,Rk,Player,Tm,Age,Pos,G,GS,Tgt,Rec,Ctch%,Yds,Y/R,TD,1D,Succ%,Lng,Y/Tgt,R/G,Y/G,Fmb
402,390,Jalen Nailor,MIN,24,WR,6,1,6,3,50.0%,29,9.7,0,1,33.3,16,4.8,0.5,4.8,0
403,391,La'Mical Perine,KAN,25,RB,3,1,5,3,60.0%,33,11.0,0,1,20.0,25,6.6,1.0,11.0,0
404,392,Eric Saubert,2TM,29,TE,10,1,3,3,100.0%,12,4.0,0,1,100.0,5,4.0,0.3,1.2,0
405,393,Trey Sermon,IND,24,RB,14,0,6,3,50.0%,13,4.3,0,0,33.3,7,2.2,0.2,0.9,0
406,394,Steven Sims,HOU,26,WR,3,0,3,3,100.0%,25,8.3,0,1,33.3,23,8.3,1.0,8.3,0
407,395,Keith Smith,ATL,31,FB,13,6,3,3,100.0%,33,11.0,0,1,66.7,28,11.0,0.2,2.5,0
408,396,Charlie Woerner,SFO,26,TE,17,2,3,3,100.0%,32,10.7,0,1,66.7,20,10.7,0.2,1.9,0
409,397,Kayshon Boutte,NWE,21,WR,5,0,7,2,28.6%,19,9.5,0,1,28.6,11,2.7,0.4,3.8,0
410,398,J.K. Dobbins,BAL,25,RB,1,1,3,2,66.7%,15,7.5,0,0,66.7,10,5.0,2.0,15.0,0
411,399,Elijah Dotson,LAC,24,RB,4,0,2,2,100.0%,13,6.5,0,0,100.0,7,6.5,0.5,3.3,0
412,400,Kenyan Drake,2TM,29,RB,3,0,3,2,66.7%,31,15.5,0,0,66.7,24,10.3,0.7,10.3,1
413,401,Damien Harris,BUF,26,RB,6,0,2,2,100.0%,16,8.0,0,0,0.0,13,8.0,0.3,2.7,0
414,402,Trishton Jackson,MIN,25,WR,7,0,4,2,50.0%,9,4.5,0,0,0.0,7,2.3,0.3,1.3,0
415,403,Tyler Johnson,LAR,25,WR,1,0,3,2,66.7%,8,4.0,1,1,33.3,8,2.7,2.0,8.0,0
416,404,Chris Manhertz,DEN,31,TE,16,4,4,2,50.0%,16,8.0,0,1,50.0,10,4.0,0.1,1.0,0
417,405,Anthony McFarland Jr.,PIT,25,RB,3,0,2,2,100.0%,11,5.5,0,1,100.0,6,5.5,0.7,3.7,0
418,406,James Mitchell,DET,24,TE,15,1,2,2,100.0%,28,14.0,0,1,100.0,24,14.0,0.1,1.9,0
419,407,Quintin Morris,BUF,24,TE,15,0,3,2,66.7%,26,13.0,1,1,33.3,15,8.7,0.1,1.7,0
420,408,Dare Ogunbowale,HOU,29,RB,12,0,7,2,28.6%,18,9.0,0,0,0.0,14,2.6,0.2,1.5,0
421,409,Adam Prentice,NOR,26,FB,13,1,3,2,66.7%,12,6.0,0,0,33.3,7,4.0,0.2,0.9,1
422,410,Teagan Quitoriano,HOU,23,TE,7,5,3,2,66.7%,33,16.5,0,2,66.7,22,11.0,0.3,4.7,0
423,411,Chris Rodriguez,WAS,23,RB,13,0,2,2,100.0%,12,6.0,0,1,100.0,7,6.0,0.2,0.9,1
424,412,Willie Snead,SFO,31,WR,4,0,3,2,66.7%,14,7.0,0,0,66.7,9,4.7,0.5,3.5,0
425,413,Malik Taylor,NYJ,28,WR,3,0,4,2,50.0%,13,6.5,0,0,25.0,7,3.3,0.7,4.3,0
426,414,Sean Tucker,TAM,22,RB,11,0,2,2,100.0%,9,4.5,0,0,50.0,6,4.5,0.2,0.8,0
427,415,Ke'Shawn Vaughn,TAM,26,RB,6,0,5,2,40.0%,2,1.0,0,0,0.0,3,0.4,0.3,0.3,0
428,416,David Wells,TAM,28,TE,5,0,2,2,100.0%,-10,-5.0,0,1,50.0,1,-5.0,0.4,-2.0,1
429,417,Damien Williams,ARI,31,RB,3,0,2,2,100.0%,12,6.0,0,0,50.0,8,6.0,0.7,4.0,0
430,418,Kenny Yeboah,NYJ,25,TE,5,1,4,2,50.0%,28,14.0,0,1,50.0,20,7.0,0.4,5.6,0
431,419,Tank Bigsby,JAX,22,RB,17,0,4,1,25.0%,6,6.0,0,0,25.0,6,1.5,0.1,0.4,2
432,Rk,Player,Tm,Age,Pos,G,GS,Tgt,Rec,Ctch%,Yds,Y/R,TD,1D,Succ%,Lng,Y/Tgt,R/G,Y/G,Fmb
433,420,Ben Bredeson,NYG,25,G,16,16,1,1,100.0%,0,0.0,0,0,0.0,0,0.0,0.1,0.0,0
434,421,Jake Browning,CIN,27,QB,9,7,1,1,100.0%,-7,-7.0,0,0,0.0,-7,-7.0,0.1,-0.8,3
435,422,Khalil Dorsey,DET,25,CB,13,2,1,1,100.0%,31,31.0,0,1,100.0,31,31.0,0.1,2.4,0
436,423,Colton Dowell,TEN,24,WR,10,1,2,1,50.0%,3,3.0,0,0,0.0,3,1.5,0.1,0.3,0
437,424,Ross Dwelley,SFO,28,TE,12,0,2,1,50.0%,12,12.0,0,1,50.0,12,6.0,0.1,1.0,0
438,425,Brandin Echols,NYJ,26,CB,14,1,1,1,100.0%,18,18.0,0,1,100.0,18,18.0,0.1,1.3,0
439,426,Chris Evans,CIN,26,RB,8,0,1,1,100.0%,-1,-1.0,0,0,0.0,-1,-1.0,0.1,-0.1,0
440,427,Simi Fehoko,LAC,26,WR,6,0,2,1,50.0%,9,9.0,1,1,50.0,9,4.5,0.2,1.5,0
441,428,Tucker Fisk,ATL,24,TE,6,2,1,1,100.0%,9,9.0,0,1,100.0,9,9.0,0.2,1.5,0
442,429,John FitzPatrick,ATL,23,TE,9,0,1,1,100.0%,12,12.0,0,1,100.0,12,12.0,0.1,1.3,0
443,430,Cole Fotheringham,LVR,26,TE,2,0,1,1,100.0%,6,6.0,0,0,100.0,6,6.0,0.5,3.0,0
444,431,Royce Freeman,LAR,27,RB,14,0,2,1,50.0%,13,13.0,0,1,50.0,13,6.5,0.1,0.9,0
445,432,Jake Funk,IND,25,RB,4,0,1,1,100.0%,12,12.0,0,1,100.0,12,12.0,0.3,3.0,0
446,433,Reggie Gilliam,BUF,26,FB,17,0,1,1,100.0%,3,3.0,0,0,0.0,3,3.0,0.1,0.2,0
447,434,Antoine Green,DET,24,WR,9,0,2,1,50.0%,2,2.0,0,0,0.0,2,1.0,0.1,0.2,0
448,435,Justin Herbert,LAC,25,QB,13,13,1,1,100.0%,10,10.0,0,1,100.0,10,10.0,0.1,0.8,4
449,436,Jesper Horsted,LVR,26,TE,13,0,1,1,100.0%,4,4.0,0,0,100.0,4,4.0,0.1,0.3,0
450,437,Sam Howell,WAS,23,QB,17,17,1,1,100.0%,4,4.0,0,0,0.0,4,4.0,0.1,0.2,4
451,438,Evan Hull,IND,23,RB,1,0,1,1,100.0%,6,6.0,0,0,100.0,6,6.0,1.0,6.0,0
452,439,Collin Johnson,CHI,26,WR,3,0,1,1,100.0%,11,11.0,0,1,100.0,11,11.0,0.3,3.7,0
453,440,Jakob Johnson,LVR,29,FB,13,5,2,1,50.0%,12,12.0,0,0,50.0,12,6.0,0.1,0.9,0
454,441,Ko Kieft,TAM,25,TE,16,6,5,1,20.0%,2,2.0,1,1,20.0,2,0.4,0.1,0.1,0
455,442,Mason Kinsey,TEN,25,WR,6,0,1,1,100.0%,6,6.0,0,0,0.0,6,6.0,0.2,1.0,0
456,443,Zonovan Knight,DET,22,RB,2,0,1,1,100.0%,8,8.0,0,0,100.0,8,8.0,0.5,4.0,0
457,444,Kwamie Lassiter II,CIN,25,WR,1,0,1,1,100.0%,2,2.0,0,0,0.0,2,2.0,1.0,2.0,0
458,445,Nick Muse,MIN,25,TE,2,0,1,1,100.0%,22,22.0,0,1,100.0,22,22.0,0.5,11.0,0
459,446,Gunner Olszewski,2TM,27,WR,12,0,1,1,100.0%,0,0.0,0,0,0.0,0,0.0,0.1,0.0,4
460,447,Devine Ozigbo,DET,27,RB,3,0,1,1,100.0%,8,8.0,0,0,100.0,8,8.0,0.3,2.7,0
461,448,Rashaad Penny,PHI,27,RB,3,0,1,1,100.0%,5,5.0,0,0,100.0,5,5.0,0.3,1.7,0
462,449,Kevin Rader,TEN,28,TE,14,0,3,1,33.3%,6,6.0,0,0,33.3,6,2.0,0.1,0.4,0
463,Rk,Player,Tm,Age,Pos,G,GS,Tgt,Rec,Ctch%,Yds,Y/R,TD,1D,Succ%,Lng,Y/Tgt,R/G,Y/G,Fmb
464,450,Giovanni Ricci,CAR,27,TE,5,0,1,1,100.0%,2,2.0,0,0,0.0,2,2.0,0.2,0.4,0
465,451,Desmond Ridder,ATL,24,QB,15,13,1,1,100.0%,-6,-6.0,0,0,0.0,-6,-6.0,0.1,-0.4,12
466,452,James Robinson,GNB,25,RB,1,0,1,1,100.0%,-2,-2.0,0,0,0.0,-2,-2.0,1.0,-2.0,0
467,453,Malcolm Rodriguez,DET,24,LB,17,3,1,1,100.0%,6,6.0,0,1,100.0,6,6.0,0.1,0.4,0
468,454,Jeffery Simmons,TEN,26,DT,12,12,1,1,100.0%,2,2.0,1,1,100.0,2,2.0,0.1,0.2,0
469,455,Dan Skipper,DET,29,T,11,1,1,1,100.0%,4,4.0,0,0,100.0,4,4.0,0.1,0.4,0
470,456,Donovan Smith,KAN,30,T,12,12,1,1,100.0%,0,0.0,0,0,0.0,0,0.0,0.1,0.0,0
471,457,Geno Smith*,SEA,33,QB,15,15,1,1,100.0%,-2,-2.0,0,0,0.0,-2,-2.0,0.1,-0.1,5
472,458,Mike Strachan,CAR,26,WR,4,1,3,1,33.3%,45,45.0,0,1,33.3,45,15.0,0.3,11.3,0
473,459,C.J. Stroud*,HOU,22,QB,15,15,1,1,100.0%,0,0.0,0,0,0.0,0,0.0,0.1,0.0,8
474,460,Cody Thompson,SEA,27,WR,7,0,1,1,100.0%,10,10.0,0,0,0.0,10,10.0,0.1,1.4,0
475,461,Laquon Treadwell,BAL,28,WR,5,1,3,1,33.3%,16,16.0,0,1,33.3,16,5.3,0.2,3.2,0
476,462,Nick Vannett,LAC,30,TE,8,5,1,1,100.0%,3,3.0,0,1,100.0,3,3.0,0.1,0.4,0
477,463,Tylan Wallace,BAL,24,WR,11,0,2,1,50.0%,11,11.0,0,1,50.0,11,5.5,0.1,1.0,0
478,464,Trevon Wesco,TEN,28,TE,15,10,3,1,33.3%,21,21.0,0,1,33.3,21,7.0,0.1,1.4,0
479,465,Damiere Byrd,ATL,30,WR,1,0,2,0,0.0%,0,,0,0,0.0,0,0.0,0.0,0.0,0
480,466,Irvin Charles,NYJ,26,WR,12,0,1,0,0.0%,0,,0,0,0.0,0,0.0,0.0,0.0,0
481,467,Phillip Dorsett,DEN,30,WR,2,1,3,0,0.0%,0,,0,0,0.0,0,0.0,0.0,0.0,0
482,468,D'Wayne Eskridge,SEA,26,WR,4,0,1,0,0.0%,0,,0,0,0.0,0,0.0,0.0,0.0,0
483,469,Erik Ezukanma,MIA,23,WR,2,0,1,0,0.0%,0,,0,0,0.0,0,0.0,0.0,0.0,0
484,470,Jamycal Hasty,2TM,27,RB,5,0,2,0,0.0%,0,,0,0,0.0,0,0.0,0.0,0.0,0
485,471,Travis Homer,CHI,25,RB,16,0,1,0,0.0%,0,,0,0,0.0,0,0.0,0.0,0.0,0
486,472,Shedrick Jackson,CIN,24,WR,5,0,1,0,0.0%,0,,0,0,0.0,0,0.0,0.0,0.0,0
487,473,Sean McKeon,DAL,26,TE,9,0,2,0,0.0%,0,,0,0,0.0,0,0.0,0.0,0.0,0
488,474,Jordan Mims,NOR,24,RB,2,0,2,0,0.0%,0,,0,0,0.0,0,0.0,0.0,0.0,0
489,475,Albert Okwuegbunam,PHI,25,TE,4,0,1,0,0.0%,0,,0,0,0.0,0,0.0,0.0,0.0,0
490,476,James Proche,CLE,27,WR,10,1,5,0,0.0%,0,,0,0,0.0,0,0.0,0.0,0.0,1
491,477,Amari Rodgers,IND,24,WR,3,0,2,0,0.0%,0,,0,0,0.0,0,0.0,0.0,0.0,0
492,478,Ryan Tannehill,TEN,35,QB,10,8,1,0,0.0%,0,,0,0,0.0,0,0.0,0.0,0.0,4
493,479,Trent Taylor,CHI,29,WR,17,0,2,0,0.0%,0,,0,0,0.0,0,0.0,0.0,0.0,2
494,Rk,Player,Tm,Age,Pos,G,GS,Tgt,Rec,Ctch%,Yds,Y/R,TD,1D,Succ%,Lng,Y/Tgt,R/G,Y/G,Fmb
495,480,Jonathan Williams,WAS,29,RB,1,0,1,0,0.0%,0,,0,0,0.0,0,0.0,0.0,0.0,0
496,481,Rodney Williams,PIT,25,TE,13,0,2,0,0.0%,0,,0,0,0.0,0,0.0,0.0,0.0,0
497,482,Juwann Winfree,IND,27,WR,8,1,1,0,0.0%,0,,0,0,0.0,0,0.0,0.0,0.0,0
